
#Title;Hach. Plan couleur complet
#Description;Hachure Plan couleur complet
#Groupe;Revo


'1 Changement de couleur des calques ------------------------------

#LA;MO_ODS_BATSOUT_HACH;[[TrueColor]];7;[[Lineweight]];0.2;
#LA;MO_CS_BAT_HACH;[[TrueColor]];211;[[Lineweight]];0.2;
#LA;MO_CS_EAU_COURS_HACH;[[TrueColor]];150;[[Lineweight]];0.3;
#LA;MO_CS_EAU_ROSELIERE_HACH;[[TrueColor]];7;[[Lineweight]];0.2;
#LA;MO_CS_EAU_STAGNANTE_HACH;[[TrueColor]];151;[[Lineweight]];0.3;
#LA;MO_CS_RD_ILOT_HACH;[[TrueColor]];252;[[Lineweight]];0.2;
#LA;MO_CS_RD_TROTTOIR_HACH;[[TrueColor]];253;[[Lineweight]];0.2;
#LA;MO_CS_RD_PLACE_HACH;[[TrueColor]];254;[[Lineweight]];0.2;
#LA;MO_CS_RD_CHFER_HACH;[[TrueColor]];41;[[Lineweight]];0.3;
#LA;MO_CS_RD_BASSIN_HACH;[[TrueColor]];7;[[Lineweight]];0.4;
#LA;MO_CS_RD_AVIATION_HACH;[[TrueColor]];7;[[Lineweight]];0.4;
#LA;MO_CS_RD_ROUTE_HACH;[[TrueColor]];253;[[Lineweight]];0.2;
#LA;MO_CS_SSV_ROCHER_HACH;[[TrueColor]];7;[[Lineweight]];0.4;
#LA;MO_CS_SSV_GRAVIERE_HACH;[[TrueColor]];7;[[Lineweight]];0.4;
#LA;MO_CS_SSV_GLACIER_HACH;[[TrueColor]];7;[[Lineweight]];0.4;
#LA;MO_CS_SSV_EBOULIS_HACH;[[TrueColor]];7;[[Lineweight]];0.4;
#LA;MO_CS_SSV_DIVERS_HACH;[[TrueColor]];250;[[Lineweight]];0.2;
#LA;MO_CS_SSV_AUTRE_HACH;[[TrueColor]];250;[[Lineweight]];0.2;
#LA;MO_CS_SV_CI_VIGNE_HACH;[[TrueColor]];51;[[Lineweight]];0.6;
#LA;MO_CS_SV_JARDIN_HACH;[[TrueColor]];60;[[Lineweight]];0.2;
#LA;MO_CS_SV_TOURB_HACH;[[TrueColor]];7;[[Lineweight]];0.4;
#LA;MO_CS_SB_PAT_OUVERT_HACH;[[TrueColor]];7;[[Lineweight]];0.4;
#LA;MO_CS_SB_PAT_DENSE_HACH;[[TrueColor]];106;[[Lineweight]];0.6;
#LA;MO_CS_SB_FORET_HACH;[[TrueColor]];106;[[Lineweight]];0.2;
#LA;MO_CS_SV_CHAMP_HACH;[[TrueColor]];3;[[Lineweight]];0.2;



'2 Cr�ation des hachures ------------------------------------------

#HA;MO_ODS_BATSOUT;[[Layer]];>MO_ODS_BATSOUT_HACH;[[StyleName]];DOTS;[[ScaleFactor]];1;
#HA;MO_CS_BAT;[[Layer]];>MO_CS_BAT_HACH;[[StyleName]];SOLID;
#HA;MO_CS_EAU_COURS;[[Layer]];>MO_CS_EAU_COURS_HACH;[[StyleName]];SOLID;
#HA;MO_CS_EAU_ROSELIERE;[[Layer]];>MO_CS_EAU_ROSELIERE_HACH;[[StyleName]];SOLID;
#HA;MO_CS_EAU_STAGNANTE;[[Layer]];>MO_CS_EAU_STAGNANTE_HACH;[[StyleName]];SOLID;
#HA;MO_CS_RD_ILOT;[[Layer]];>MO_CS_RD_ILOT_HACH;[[StyleName]];SOLID;
#HA;MO_CS_RD_PLACE;[[Layer]];>MO_CS_RD_PLACE_HACH;[[StyleName]];SOLID;
#HA;MO_CS_RD_CHFER;[[Layer]];>MO_CS_RD_CHFER_HACH;[[StyleName]];SOLID;
#HA;MO_CS_RD_BASSIN;[[Layer]];>MO_CS_RD_BASSIN_HACH;[[StyleName]];SOLID;
#HA;MO_CS_RD_AVIATION;[[Layer]];>MO_CS_RD_AVIATION_HACH;[[StyleName]];SOLID;
#HA;MO_CS_SSV_ROCHER;[[Layer]];>MO_CS_SSV_ROCHER_HACH;[[StyleName]];SOLID;
#HA;MO_CS_SSV_GRAVIERE;[[Layer]];>MO_CS_SSV_GRAVIERE_HACH;[[StyleName]];SOLID;
#HA;MO_CS_SSV_GLACIER;[[Layer]];>MO_CS_SSV_GLACIER_HACH;[[StyleName]];SOLID;
#HA;MO_CS_SSV_EBOULIS;[[Layer]];>MO_CS_SSV_EBOULIS_HACH;[[StyleName]];SOLID;
#HA;MO_CS_SSV_DIVERS;[[Layer]];>MO_CS_SSV_DIVERS_HACH;[[StyleName]];SOLID;
#HA;MO_CS_SSV_AUTRE;[[Layer]];>MO_CS_SSV_AUTRE_HACH;[[StyleName]];SOLID;
#HA;MO_CS_SV_CI_VIGNE;[[Layer]];>MO_CS_SV_CI_VIGNE_HACH;[[StyleName]];SOLID;
#HA;MO_CS_SV_JARDIN;[[Layer]];>MO_CS_SV_JARDIN_HACH;[[StyleName]];SOLID;
#HA;MO_CS_SV_TOURB;[[Layer]];>MO_CS_SV_TOURB_HACH;[[StyleName]];SOLID;
#HA;MO_CS_SB_PAT_OUVERT;[[Layer]];>MO_CS_SB_PAT_OUVERT_HACH;[[StyleName]];SOLID;
#HA;MO_CS_SB_PAT_DENSE;[[Layer]];>MO_CS_SB_PAT_DENSE_HACH;[[StyleName]];SOLID;
#HA;MO_CS_SB_FORET;[[Layer]];>MO_CS_SB_FORET_HACH;[[StyleName]];SOLID;
#HA;MO_CS_SV_CHAMP;[[Layer]];>MO_CS_SV_CHAMP_HACH;[[StyleName]];SOLID;
#HA;MO_CS_RD_TROTTOIR;[[Layer]];>MO_CS_RD_TROTTOIR_HACH;[[StyleName]];SOLID;
#HA;MO_CS_RD_ROUTE;[[Layer]];>MO_CS_RD_ROUTE_HACH;[[StyleName]];SOLID;
