
#Title;Hach. Plan RF 2007 (CH)
#Description;Hachure Plan RF 2007 (CH)
#Groupe;Revo


'1 Changement de couleur des calques ------------------------------

#LA;MO_ODS_BATSOUT_HACH;[[TrueColor]];254;[[Lineweight]];0.2;
#LA;MO_CS_BAT_HACH;[[TrueColor]];252;[[Lineweight]];0.2;
#LA;MO_CS_EAU_COURS_HACH;[[TrueColor]];150;[[Lineweight]];0.2;
#LA;MO_CS_EAU_ROSELIERE_HACH;[[TrueColor]];253;[[Lineweight]];0.2;
#LA;MO_CS_SSV_ROCHER_HACH;[[TrueColor]];253;[[Lineweight]];0.2;
#LA;MO_CS_SSV_EBOULIS_HACH;[[TrueColor]];253;[[Lineweight]];0.2;
#LA;MO_CS_SV_CI_VIGNE_HACH;[[TrueColor]];253;[[Lineweight]];0.2;
#LA;MO_CS_SV_JARDIN_HACH;[[TrueColor]];136;[[Lineweight]];0.3;
#LA;MO_CS_SV_TOURB_HACH;[[TrueColor]];253;[[Lineweight]];0.2;
#LA;MO_CS_SB_PAT_OUVERT_HACH;[[TrueColor]];7;[[Lineweight]];0.3;
#LA;MO_CS_SB_PAT_DENSE_HACH;[[TrueColor]];7;[[Lineweight]];0.3;
#LA;MO_CS_SB_FORET_HACH;[[TrueColor]];7;[[Lineweight]];0.3;


'2 Cr�ation des hachures ------------------------------------------

#HA;MO_ODS_BATSOUT;[[Layer]];>MO_ODS_BATSOUT_HACH;[[StyleName]];SOLID;
#HA;MO_CS_BAT;[[Layer]];>MO_CS_BAT_HACH;[[StyleName]];SOLID;
#HA;MO_CS_EAU_COURS;[[Layer]];>MO_CS_EAU_COURS_HACH;[[StyleName]];SOLID;
#HA;MO_CS_EAU_ROSELIERE;[[Layer]];>MO_CS_EAU_ROSELIERE_HACH;[[StyleName]];ROSELIERE;[[ScaleFactor]];1;
#HA;;[[Layer]];>MO_CS_EAU_STAGNANTE_HACH;
#HA;;[[Layer]];>MO_CS_RD_ILOT_HACH;
#HA;;[[Layer]];>MO_CS_RD_TROTTOIR_HACH;
#HA;;[[Layer]];>MO_CS_RD_PLACE_HACH;
#HA;;[[Layer]];>MO_CS_RD_CHFER_HACH;
#HA;;[[Layer]];>MO_CS_RD_BASSIN_HACH;
#HA;;[[Layer]];>MO_CS_RD_AVIATION_HACH;
#HA;;[[Layer]];>MO_CS_RD_ROUTE_HACH;
#HA;MO_CS_SSV_ROCHER;[[Layer]];>MO_CS_SSV_ROCHER_HACH;[[StyleName]];FELS;[[ScaleFactor]];3.45000004768371;
#HA;;[[Layer]];>MO_CS_SSV_GRAVIERE_HACH;
#HA;;[[Layer]];>MO_CS_SSV_GLACIER_HACH;
#HA;MO_CS_SSV_EBOULIS;[[Layer]];>MO_CS_SSV_EBOULIS_HACH;[[StyleName]];GEROELL;[[ScaleFactor]];3.45000004768371;
#HA;;[[Layer]];>MO_CS_SSV_DIVERS_HACH;
#HA;;[[Layer]];>MO_CS_SSV_AUTRE_HACH;
#HA;MO_CS_SV_CI_VIGNE;[[Layer]];>MO_CS_SV_CI_VIGNE_HACH;[[StyleName]];VIGNE;[[ScaleFactor]];1;
#HA;;[[Layer]];>MO_CS_SV_JARDIN_HACH;
#HA;MO_CS_SV_TOURB;[[Layer]];>MO_CS_SV_TOURB_HACH;[[StyleName]];TOURBIERE_MARAIS;[[ScaleFactor]];1;
#HA;MO_CS_SB_PAT_OUVERT;[[Layer]];>MO_CS_SB_PAT_OUVERT_HACH;[[StyleName]];DOTS;[[ScaleFactor]];5.03999996185302;
#HA;MO_CS_SB_PAT_DENSE;[[Layer]];>MO_CS_SB_PAT_DENSE_HACH;[[StyleName]];DOTS;[[ScaleFactor]];2.51999998092651;
#HA;MO_CS_SB_FORET;[[Layer]];>MO_CS_SB_FORET_HACH;[[StyleName]];DOTS;[[ScaleFactor]];1.25999999046325;
#HA;;[[Layer]];>MO_CS_SV_CHAMP_HACH;
