
#Title;Hach. Mutation
#Description;Hachure Mutation
#Groupe;Revo


'1 Changement de couleur des calques ------------------------------

#LA;MO_ODS_BATSOUT_HACH;[[TrueColor]];7;[[Lineweight]];0.2;
#LA;MO_CS_BAT_HACH;[[TrueColor]];7;[[Lineweight]];0.2;
#LA;MO_CS_EAU_COURS_HACH;[[TrueColor]];212;[[Lineweight]];0.3;
#LA;MO_CS_EAU_ROSELIERE_HACH;[[TrueColor]];7;[[Lineweight]];0.2;
#LA;MO_CS_EAU_STAGNANTE_HACH;[[TrueColor]];200;[[Lineweight]];0.3;
#LA;MO_CS_RD_ILOT_HACH;[[TrueColor]];252;[[Lineweight]];0.2;
#LA;MO_CS_RD_TROTTOIR_HACH;[[TrueColor]];253;[[Lineweight]];0.2;
#LA;MO_CS_RD_PLACE_HACH;[[TrueColor]];254;[[Lineweight]];0.2;
#LA;MO_CS_RD_CHFER_HACH;[[TrueColor]];41;[[Lineweight]];0.3;
#LA;MO_CS_RD_BASSIN_HACH;[[TrueColor]];7;[[Lineweight]];0.4;
#LA;MO_CS_RD_AVIATION_HACH;[[TrueColor]];7;[[Lineweight]];0.4;
#LA;MO_CS_RD_ROUTE_HACH;[[TrueColor]];7;[[Lineweight]];0.4;
#LA;MO_CS_SSV_ROCHER_HACH;[[TrueColor]];7;[[Lineweight]];0.4;
#LA;MO_CS_SSV_GRAVIERE_HACH;[[TrueColor]];7;[[Lineweight]];0.4;
#LA;MO_CS_SSV_GLACIER_HACH;[[TrueColor]];7;[[Lineweight]];0.4;
#LA;MO_CS_SSV_EBOULIS_HACH;[[TrueColor]];7;[[Lineweight]];0.4;
#LA;MO_CS_SSV_DIVERS_HACH;[[TrueColor]];7;[[Lineweight]];0.4;
#LA;MO_CS_SSV_AUTRE_HACH;[[TrueColor]];7;[[Lineweight]];0.4;
#LA;MO_CS_SV_CI_VIGNE_HACH;[[TrueColor]];61;[[Lineweight]];0.3;
#LA;MO_CS_SV_JARDIN_HACH;[[TrueColor]];136;[[Lineweight]];0.3;
#LA;MO_CS_SV_TOURB_HACH;[[TrueColor]];7;[[Lineweight]];0.4;
#LA;MO_CS_SB_PAT_OUVERT_HACH;[[TrueColor]];7;[[Lineweight]];0.4;
#LA;MO_CS_SB_PAT_DENSE_HACH;[[TrueColor]];7;[[Lineweight]];0.2;
#LA;MO_CS_SB_FORET_HACH;[[TrueColor]];106;[[Lineweight]];0.3;
#LA;MO_CS_SV_CHAMP_HACH;[[TrueColor]];3;[[Lineweight]];0.3;


'2 Cr�ation des hachures ------------------------------------------

#HA;MO_ODS_BATSOUT;[[Layer]];>MO_ODS_BATSOUT_HACH;[[StyleName]];DOTS;[[ScaleFactor]];1;
#HA;MO_CS_BAT;[[Layer]];>MO_CS_BAT_HACH;[[StyleName]];ANSI31;[[ScaleFactor]];0.479999989271164;
#HA;;[[Layer]];>MO_CS_EAU_COURS_HACH;
#HA;;[[Layer]];>MO_CS_EAU_ROSELIERE_HACH;
#HA;;[[Layer]];>MO_CS_EAU_STAGNANTE_HACH;
#HA;;[[Layer]];>MO_CS_RD_ILOT_HACH;
#HA;;[[Layer]];>MO_CS_RD_TROTTOIR_HACH;
#HA;;[[Layer]];>MO_CS_RD_PLACE_HACH;
#HA;;[[Layer]];>MO_CS_RD_CHFER_HACH;
#HA;;[[Layer]];>MO_CS_RD_BASSIN_HACH;
#HA;;[[Layer]];>MO_CS_RD_AVIATION_HACH;
#HA;;[[Layer]];>MO_CS_RD_ROUTE_HACH;
#HA;;[[Layer]];>MO_CS_SSV_ROCHER_HACH;
#HA;;[[Layer]];>MO_CS_SSV_GRAVIERE_HACH;
#HA;;[[Layer]];>MO_CS_SSV_GLACIER_HACH;
#HA;;[[Layer]];>MO_CS_SSV_EBOULIS_HACH;
#HA;;[[Layer]];>MO_CS_SSV_DIVERS_HACH;
#HA;;[[Layer]];>MO_CS_SSV_AUTRE_HACH;
#HA;;[[Layer]];>MO_CS_SV_CI_VIGNE_HACH;
#HA;;[[Layer]];>MO_CS_SV_JARDIN_HACH;
#HA;;[[Layer]];>MO_CS_SV_TOURB_HACH;
#HA;;[[Layer]];>MO_CS_SB_PAT_OUVERT_HACH;
#HA;;[[Layer]];>MO_CS_SB_PAT_DENSE_HACH;
#HA;;[[Layer]];>MO_CS_SB_FORET_HACH;
#HA;;[[Layer]];>MO_CS_SV_CHAMP_HACH;
