#Title;Mise à jour Xref
#Description;modif. des références externe
#Groupe;Revo

' Transforme des URL en # (absolute) ou en @ (relative)

'Exemple transformé en # (absolute) 
#XREF;*;[[Url]];#;

'Exemple transformé en @ (relative)
#XREF;*;[[Url]];@;

'Remplacement d'un bout de chemin :   C:/ancien||Y:/nouveau
#XREF;*;[[Url]];C:\abc||Z:\xyuz;

' Combinaison des fonctions (transforme en absolute + remplace)
#XREF;*;[[Url]];#C:\||Z:\;

' Détacher toutes les xref non trouvée : DWG + IMG + PDF
#XREF;<<*;

